{"Embedding loss": 0.06989739835262299, "_timestamp": 1725950175.9572322, "_runtime": 31.1345431804657, "_step": 15, "_wandb": {"runtime": 31}}