{"Embedding loss": 0.004165472462773323, "_timestamp": 1724859244.5550451, "_runtime": 48690.57902312279, "_step": 29999, "g_loss_u loss": 2.282865285873413, "g_loss_s loss": 0.0017367101972922683, "g_loss_v loss": 0.1696922779083252, "d_loss loss": 1.036979079246521, "_wandb": {"runtime": 48691}}