{"Embedding loss": 0.08746205270290375, "_timestamp": 1727070764.9295187, "_runtime": 22.336450815200806, "_step": 4, "g_loss_u loss": 0.5581851005554199, "g_loss_s loss": 0.00311553874053061, "g_loss_v loss": 0.35165533423423767, "d_loss loss": 2.2546517848968506, "_wandb": {"runtime": 22}}