{"Embedding loss": 0.0007246955065056682, "_timestamp": 1725781120.1766655, "_runtime": 16833.444902658463, "_step": 9791, "g_loss_u loss": 0.8280717134475708, "g_loss_s loss": 0.0007460475317202508, "g_loss_v loss": 0.2246856391429901, "d_loss loss": 1.2608414888381958}