{"Embedding loss": 0.07360528409481049, "_timestamp": 1726018590.3324592, "_runtime": 15.444592237472534, "_step": 0, "_wandb": {"runtime": 15}}