{"Embedding loss": 0.006026700139045715, "_timestamp": 1727855577.1923802, "_runtime": 17892.04123210907, "_step": 2652}