{"Embedding loss": 0.0631665512919426, "_timestamp": 1727071070.7871478, "_runtime": 22.22037672996521, "_step": 4, "g_loss_u loss": 0.9467218518257141, "g_loss_s loss": 0.007788227405399084, "g_loss_v loss": 0.28182101249694824, "d_loss loss": 1.9218411445617676, "_wandb": {"runtime": 21}}