{"Embedding loss": 0.0015876726247370243, "_timestamp": 1731362357.3966746, "_runtime": 42182.928399562836, "_step": 29999, "g_loss_u loss": 1.1743788719177246, "g_loss_s loss": 0.0002402651880402118, "g_loss_v loss": 0.05662671476602554, "d_loss loss": 1.2929672002792358, "_wandb": {"runtime": 42183}}