{"Embedding loss": 0.0038385670632123947, "_timestamp": 1735709859.8089287, "_runtime": 31087.662578821182, "_step": 29999, "g_loss_u loss": 1.105065107345581, "g_loss_s loss": 0.00013860486797057092, "g_loss_v loss": 0.04531355947256088, "d_loss loss": 1.7875202894210815, "_wandb": {"runtime": 31087}}