{"Embedding loss": 0.06873910129070282, "_timestamp": 1726018197.6687214, "_runtime": 40.8706693649292, "_step": 29, "g_loss_u loss": 0.6769526600837708, "g_loss_s loss": 0.0010291981743648648, "g_loss_v loss": 0.3033301532268524, "d_loss loss": 2.1892313957214355, "_wandb": {"runtime": 40}}