{"Embedding loss": 0.000925570260733366, "_timestamp": 1724929325.0724983, "_runtime": 22050.06547141075, "_step": 29999, "g_loss_u loss": 4.715850830078125, "g_loss_s loss": 0.044271621853113174, "g_loss_v loss": 0.34174779057502747, "d_loss loss": 0.1500040888786316, "_wandb": {"runtime": 22049}}