,discriminative,predictive
0,0.2333333333333333,0.11244624549990548
