{"Embedding loss": 0.004102477338165045, "_timestamp": 1728046137.2075782, "_runtime": 189083.13067913055, "_step": 29999, "g_loss_u loss": 1.2857533693313599, "g_loss_s loss": 0.00010428373207105324, "g_loss_v loss": 0.03187713772058487, "d_loss loss": 1.4705229997634888, "_wandb": {"runtime": 189085}}