{"Embedding loss": 0.04118453338742256, "_timestamp": 1724810534.3031251, "_runtime": 161.86824321746826, "_step": 49, "g_loss_u loss": 1.0973035097122192, "g_loss_s loss": 0.0005869957967661321, "g_loss_v loss": 0.22557446360588074, "d_loss loss": 1.9157160520553589, "_wandb": {"runtime": 162}}