{"Embedding loss": 0.0008004996925592422, "_timestamp": 1725651444.0692694, "_runtime": 46299.39133453369, "_step": 29999, "g_loss_u loss": 1.3004323244094849, "g_loss_s loss": 0.00017326987290289253, "g_loss_v loss": 0.1558993011713028, "d_loss loss": 0.8770883679389954, "_wandb": {"runtime": 46299}}