,discriminative,predictive
0,0.04915254237288137,0.1583235172206964
