{"Embedding loss": 0.0022259876132011414, "_timestamp": 1731362076.6134915, "_runtime": 42023.62528061867, "_step": 29999, "g_loss_u loss": 1.6214995384216309, "g_loss_s loss": 0.0001543382677482441, "g_loss_v loss": 0.07718092948198318, "d_loss loss": 1.2652885913848877, "_wandb": {"runtime": 42024}}