{"Embedding loss": 0.005164051428437233, "_timestamp": 1727248756.935519, "_runtime": 101122.13397502899, "_step": 29999, "g_loss_u loss": 1.1799858808517456, "g_loss_s loss": 0.0001269960921490565, "g_loss_v loss": 0.054326534271240234, "d_loss loss": 1.4868037700653076, "_wandb": {"runtime": 101125}}