{"Embedding loss": 0.04959796741604805, "_timestamp": 1726820136.4868941, "_runtime": 26.083843231201172, "_step": 4, "g_loss_u loss": 0.7154278755187988, "g_loss_s loss": 0.012491174973547459, "g_loss_v loss": 0.25508925318717957, "d_loss loss": 2.062636613845825, "_wandb": {"runtime": 25}}