{"Embedding loss": 0.0016600836534053087, "_timestamp": 1725127477.2073956, "_runtime": 19585.02135658264, "_step": 29999, "g_loss_u loss": 3.3235061168670654, "g_loss_s loss": 0.00021324162662494928, "g_loss_v loss": 0.07442011684179306, "d_loss loss": 0.33238646388053894, "_wandb": {"runtime": 19585}}