{"Embedding loss": 0.13463442027568817, "_timestamp": 1727071519.7800577, "_runtime": 22.591861724853516, "_step": 4, "g_loss_u loss": 0.6541625261306763, "g_loss_s loss": 0.016017677262425423, "g_loss_v loss": 0.39517658948898315, "d_loss loss": 2.2051172256469727, "_wandb": {"runtime": 22}}