,discriminative,predictive
0,0.13333333333333336,0.1637437091167903
