{"Embedding loss": 0.0748116746544838, "_timestamp": 1727147530.834976, "_runtime": 78.51669788360596, "_step": 4, "g_loss_u loss": 0.6793108582496643, "g_loss_s loss": 0.004218414891511202, "g_loss_v loss": 0.33056575059890747, "d_loss loss": 2.0942704677581787, "_wandb": {"runtime": 80}}