,discriminative,predictive
0,0.13333333333333333,0.06242098220640957
