{"Embedding loss": 0.0022158436477184296, "_timestamp": 1726906839.4628007, "_runtime": 13404.070439815521, "_step": 29999, "g_loss_u loss": 0.9586304426193237, "g_loss_s loss": 0.00015137500304263085, "g_loss_v loss": 0.04844164103269577, "d_loss loss": 1.5887072086334229, "_wandb": {"runtime": 13404}}