{"Embedding loss": 0.00235993810929358, "_timestamp": 1735810023.333205, "_runtime": 59442.7980389595, "_step": 29999, "g_loss_u loss": 1.0987896919250488, "g_loss_s loss": 7.999230729183182e-05, "g_loss_v loss": 0.08008100837469101, "d_loss loss": 1.9085967540740967, "_wandb": {"runtime": 59443}}