{"Embedding loss": 0.0024619968608021736, "_timestamp": 1731362350.9068124, "_runtime": 42453.817306518555, "_step": 29999, "g_loss_u loss": 1.153064250946045, "g_loss_s loss": 0.00022930548584554344, "g_loss_v loss": 0.056399449706077576, "d_loss loss": 1.2878538370132446, "_wandb": {"runtime": 42454}}