{"Embedding loss": 0.002215475309640169, "_timestamp": 1726907070.1677651, "_runtime": 13399.869277238846, "_step": 29999, "g_loss_u loss": 0.7942710518836975, "g_loss_s loss": 0.00012433416850399226, "g_loss_v loss": 0.08037950843572617, "d_loss loss": 1.4871764183044434, "_wandb": {"runtime": 13399}}