,discriminative,predictive
0,0.16666666666666669,0.17269428265618905
