{"Embedding loss": 0.06996976584196091, "_timestamp": 1725604829.0897534, "_runtime": 27.792295455932617, "_step": 4, "g_loss_u loss": 0.6101632118225098, "g_loss_s loss": 0.006024553440511227, "g_loss_v loss": 0.3190455436706543, "d_loss loss": 2.173159122467041, "_wandb": {"runtime": 110}}