{"Embedding loss": 0.0011438049841672182, "_timestamp": 1726893253.7475533, "_runtime": 73064.96400237083, "_step": 10155, "g_loss_u loss": 1.8065732717514038, "g_loss_s loss": 0.0014749988913536072, "g_loss_v loss": 0.18589916825294495, "d_loss loss": 0.9207061529159546, "_wandb": {"runtime": 73067}}