{"Embedding loss": 0.15129168331623077, "_timestamp": 1725849836.5705166, "_runtime": 21.909936666488647, "_step": 4, "g_loss_u loss": 0.8336647152900696, "g_loss_s loss": 0.007329864427447319, "g_loss_v loss": 0.44763657450675964, "d_loss loss": 1.9803420305252075, "_wandb": {"runtime": 21}}