{"Embedding loss": 0.004316364880651236, "_timestamp": 1731361630.8026724, "_runtime": 40894.39882040024, "_step": 29999, "g_loss_u loss": 1.099953532218933, "g_loss_s loss": 3.915178240276873e-05, "g_loss_v loss": 0.031879227608442307, "d_loss loss": 1.9100091457366943, "_wandb": {"runtime": 40895}}