,discriminative,predictive
0,0.16666666666666669,0.13190602609272084
