{"Embedding loss": 0.09242598712444305, "_timestamp": 1726019075.968427, "_runtime": 24.97060990333557, "_step": 4, "g_loss_u loss": 0.6934764981269836, "g_loss_s loss": 0.0039086416363716125, "g_loss_v loss": 0.33501750230789185, "d_loss loss": 2.0735368728637695, "_wandb": {"runtime": 24}}