{"Embedding loss": 0.04033968970179558, "_timestamp": 1725575003.892831, "_runtime": 69700.82396197319, "_step": 29999, "g_loss_u loss": 1.0980002880096436, "g_loss_s loss": 8.003932634892408e-06, "g_loss_v loss": 0.21615175902843475, "d_loss loss": 1.90928316116333, "_wandb": {"runtime": 69702}}