{"Embedding loss": 0.014548038132488728, "_timestamp": 1731920835.728322, "_runtime": 5496.9713299274445, "_step": 804, "_wandb": {"runtime": 5503}}