{"Embedding loss": 0.07287771254777908, "_timestamp": 1731476271.890688, "_runtime": 22.281749963760376, "_step": 0, "_wandb": {"runtime": 30}}