{"Embedding loss": 0.08127870410680771, "_timestamp": 1728271128.8399856, "_runtime": 51.057435512542725, "_step": 4, "g_loss_u loss": 0.6859428882598877, "g_loss_s loss": 0.0047568026930093765, "g_loss_v loss": 0.31723594665527344, "d_loss loss": 2.090594530105591, "_wandb": {"runtime": 51}}