{"Embedding loss": 0.0036218741443008184, "_timestamp": 1727094294.5046182, "_runtime": 22508.552702188492, "_step": 29999, "g_loss_u loss": 1.3770015239715576, "g_loss_s loss": 9.716169006424025e-05, "g_loss_v loss": 0.08128254115581512, "d_loss loss": 1.106675148010254, "_wandb": {"runtime": 22508}}