{"Embedding loss": 0.004930779803544283, "_timestamp": 1731519952.2690568, "_runtime": 43658.4049038887, "_step": 29999, "g_loss_u loss": 4.389195919036865, "g_loss_s loss": 9.456445695832372e-05, "g_loss_v loss": 0.1126784160733223, "d_loss loss": 0.39235273003578186, "_wandb": {"runtime": 43658}}