{"Embedding loss": 0.12033908814191818, "_timestamp": 1726018686.2068763, "_runtime": 23.20316219329834, "_step": 4, "g_loss_u loss": 0.5266258120536804, "g_loss_s loss": 0.007820090278983116, "g_loss_v loss": 0.40337154269218445, "d_loss loss": 2.3036437034606934, "_wandb": {"runtime": 23}}