{"Embedding loss": 0.0019791973754763603, "_timestamp": 1725974529.918784, "_runtime": 6316.652651786804, "_step": 5999, "_wandb": {"runtime": 6316}}