{"Embedding loss": 0.0008489790488965809, "_timestamp": 1725957533.6204357, "_runtime": 5471.498420715332, "_step": 5999, "_wandb": {"runtime": 5471}}