{"Embedding loss": 0.0008221285534091294, "_timestamp": 1725128134.7314577, "_runtime": 20101.358199596405, "_step": 29999, "g_loss_u loss": 3.368502140045166, "g_loss_s loss": 8.16443789517507e-05, "g_loss_v loss": 0.0679595023393631, "d_loss loss": 0.8602901697158813, "_wandb": {"runtime": 20101}}