{"Embedding loss": 0.007626296486705542, "_timestamp": 1731361826.3636484, "_runtime": 40981.387083530426, "_step": 29999, "g_loss_u loss": 1.2226064205169678, "g_loss_s loss": 4.740417352877557e-05, "g_loss_v loss": 0.0976831316947937, "d_loss loss": 1.549275279045105, "_wandb": {"runtime": 40982}}