{"Embedding loss": 1.0139125151908956e-05, "_timestamp": 1725124297.94386, "_runtime": 15617.593443155289, "_step": 29999, "g_loss_u loss": 3.7183737754821777, "g_loss_s loss": 0.0016957373591139913, "g_loss_v loss": 0.11981342732906342, "d_loss loss": 0.07861444354057312, "_wandb": {"runtime": 15617}}