{"Embedding loss": 0.22129690647125244, "_timestamp": 1725850392.0670319, "_runtime": 21.822871923446655, "_step": 4, "g_loss_u loss": 0.6580721735954285, "g_loss_s loss": 0.008592518977820873, "g_loss_v loss": 0.5667295455932617, "d_loss loss": 2.129955291748047, "_wandb": {"runtime": 21}}