{"Embedding loss": 0.08537562936544418, "_timestamp": 1730095908.3216555, "_runtime": 43.6526083946228, "_step": 4, "g_loss_u loss": 0.6823540925979614, "g_loss_s loss": 0.005658365320414305, "g_loss_v loss": 0.32788988947868347, "d_loss loss": 2.0845301151275635, "_wandb": {"runtime": 44}}