{"Embedding loss": 0.0038512866012752056, "_timestamp": 1732127944.766109, "_runtime": 203001.01825904846, "_step": 29999, "g_loss_u loss": 1.0982294082641602, "g_loss_s loss": 0.0002598010760266334, "g_loss_v loss": 0.021037541329860687, "d_loss loss": 1.9096100330352783, "_wandb": {"runtime": 203003}}