{"Embedding loss": 0.0037868893705308437, "_timestamp": 1730141657.7872076, "_runtime": 45729.513793706894, "_step": 29999, "g_loss_u loss": 2.733659029006958, "g_loss_s loss": 0.00016906278324313462, "g_loss_v loss": 0.08162805438041687, "d_loss loss": 0.7607508301734924, "_wandb": {"runtime": 45729}}