{"Embedding loss": 0.06247977539896965, "_timestamp": 1724991600.0935094, "_runtime": 35.40489339828491, "_step": 43, "_wandb": {"runtime": 34}}