{"Embedding loss": 0.0026045890990644693, "_timestamp": 1725951991.9312735, "_runtime": 1749.1699965000153, "_step": 1796, "_wandb": {"runtime": 1749}}