{"Embedding loss": 0.0027539487928152084, "_timestamp": 1724991442.7690334, "_runtime": 5738.339610338211, "_step": 10075, "g_loss_u loss": 5.454860210418701, "g_loss_s loss": 0.0003299283271189779, "g_loss_v loss": 0.2637171149253845, "d_loss loss": 0.176195427775383, "_wandb": {"runtime": 5737}}