{"Embedding loss": 0.0027168781962245703, "_timestamp": 1724916677.9755752, "_runtime": 14291.52177810669, "_step": 29999, "g_loss_u loss": 1.2825177907943726, "g_loss_s loss": 6.0775826568715274e-05, "g_loss_v loss": 0.11416592448949814, "d_loss loss": 1.0569993257522583, "_wandb": {"runtime": 14291}}