{"Embedding loss": 0.0030686899553984404, "_timestamp": 1725254715.185451, "_runtime": 11069.508391141891, "_step": 14999, "g_loss_u loss": 0.6352133750915527, "g_loss_s loss": 0.00015987094957381487, "g_loss_v loss": 0.11360397934913635, "d_loss loss": 1.4172841310501099, "_wandb": {"runtime": 11069}}