{"Embedding loss": 0.004325543530285358, "_timestamp": 1726019025.854387, "_runtime": 661.2591609954834, "_step": 714, "_wandb": {"runtime": 661}}