{"Embedding loss": 0.0018565006321296096, "_timestamp": 1725013233.8265212, "_runtime": 21596.558267116547, "_step": 29999, "g_loss_u loss": 7.368489742279053, "g_loss_s loss": 0.0014711394906044006, "g_loss_v loss": 0.2509518265724182, "d_loss loss": 0.15020990371704102, "_wandb": {"runtime": 21596}}