{"Embedding loss": 0.00293038971722126, "_timestamp": 1731612132.8214402, "_runtime": 62016.52597117424, "_step": 29999, "g_loss_u loss": 1.8335349559783936, "g_loss_s loss": 3.564015059964731e-05, "g_loss_v loss": 0.061437059193849564, "d_loss loss": 1.2511613368988037, "_wandb": {"runtime": 62017}}