{"Embedding loss": 1.0340878361603245e-05, "_timestamp": 1724997567.5283723, "_runtime": 13271.813103199005, "_step": 29999, "g_loss_u loss": 1.2259535789489746, "g_loss_s loss": 0.0011678053997457027, "g_loss_v loss": 0.13117453455924988, "d_loss loss": 1.202355146408081, "_wandb": {"runtime": 13271}}