{"Embedding loss": 0.08029653131961823, "_timestamp": 1726018806.0937686, "_runtime": 15.352189540863037, "_step": 0, "_wandb": {"runtime": 242}}