,discriminative,predictive
0,0.2333333333333333,0.14266411830079573
