{"Embedding loss": 0.07386508584022522, "_timestamp": 1725604957.2640278, "_runtime": 23.84595274925232, "_step": 4, "g_loss_u loss": 0.8264289498329163, "g_loss_s loss": 0.0103915985673666, "g_loss_v loss": 0.2752150893211365, "d_loss loss": 2.0077881813049316, "_wandb": {"runtime": 57}}