{"Embedding loss": 0.06426038593053818, "_timestamp": 1725764158.9493964, "_runtime": 21.74932336807251, "_step": 4, "g_loss_u loss": 0.5827239155769348, "g_loss_s loss": 0.010700400918722153, "g_loss_v loss": 0.23672331869602203, "d_loss loss": 2.2762045860290527, "_wandb": {"runtime": 21}}