{"Embedding loss": 0.01484830304980278, "_timestamp": 1727837379.054368, "_runtime": 166243.11370491982, "_step": 17223, "g_loss_u loss": 1.0980238914489746, "g_loss_s loss": 0.001232318696565926, "g_loss_v loss": 0.061136577278375626, "d_loss loss": 1.909673810005188, "_wandb": {"runtime": 166284}}