{"Embedding loss": 0.03820332884788513, "_timestamp": 1724810342.4020362, "_runtime": 151.8986132144928, "_step": 41, "_wandb": {"runtime": 154}}