{"Embedding loss": 0.10917114466428757, "_timestamp": 1731319879.694635, "_runtime": 28.07953381538391, "_step": 0, "_wandb": {"runtime": 28}}