,discriminative,predictive
0,0.09999999999999999,0.1565561616344414
