{"Embedding loss": 0.05820874497294426, "_timestamp": 1724736931.3513591, "_runtime": 19.133851051330566, "_step": 9, "_wandb": {"runtime": 30}}