{"Embedding loss": 0.004021698143333197, "_timestamp": 1724868094.733685, "_runtime": 42568.52568912506, "_step": 29999, "g_loss_u loss": 0.9519006013870239, "g_loss_s loss": 0.000978067866526544, "g_loss_v loss": 0.1788765788078308, "d_loss loss": 1.0915720462799072, "_wandb": {"runtime": 42569}}