{"Embedding loss": 0.013195936568081379, "_timestamp": 1725421097.4870138, "_runtime": 325.2067048549652, "_step": 147, "_wandb": {"runtime": 326}}