{"Embedding loss": 0.07352625578641891, "_timestamp": 1725604352.3985255, "_runtime": 41.43463945388794, "_step": 4, "g_loss_u loss": 0.6304024457931519, "g_loss_s loss": 0.0011180093279108405, "g_loss_v loss": 0.32485538721084595, "d_loss loss": 2.158729314804077, "_wandb": {"runtime": 68}}