{"Embedding loss": 0.0033350063022226095, "_timestamp": 1728313311.4346023, "_runtime": 42075.38909435272, "_step": 29999, "g_loss_u loss": 0.9688407778739929, "g_loss_s loss": 0.00012850528582930565, "g_loss_v loss": 0.05890777334570885, "d_loss loss": 1.3698203563690186, "_wandb": {"runtime": 42075}}