{"Embedding loss": 1.114284350478556e-05, "_timestamp": 1726111563.4318023, "_runtime": 92465.13558626175, "_step": 6027, "g_loss_u loss": 0.7405827641487122, "g_loss_s loss": 0.010643018409609795, "g_loss_v loss": 0.1791754961013794, "d_loss loss": 2.1510770320892334}