{"Embedding loss": 0.11600686609745026, "_timestamp": 1725596786.2632706, "_runtime": 40.489216566085815, "_step": 4, "g_loss_u loss": 0.644646406173706, "g_loss_s loss": 0.006357107777148485, "g_loss_v loss": 0.353418231010437, "d_loss loss": 2.1355624198913574, "_wandb": {"runtime": 165}}