{"Embedding loss": 0.001278683077543974, "_timestamp": 1725879694.590233, "_runtime": 29114.774054050446, "_step": 19999, "g_loss_u loss": 3.2419216632843018, "g_loss_s loss": 0.00020381850481498986, "g_loss_v loss": 0.21375355124473572, "d_loss loss": 0.37668564915657043, "_wandb": {"runtime": 29115}}