{"Embedding loss": 0.06628537178039551, "_timestamp": 1735678478.7372727, "_runtime": 62.30107378959656, "_step": 4, "g_loss_u loss": 0.5999302864074707, "g_loss_s loss": 0.004148392006754875, "g_loss_v loss": 0.2632867395877838, "d_loss loss": 2.1855454444885254, "_wandb": {"runtime": 88}}