{"Embedding loss": 0.001316298614256084, "_timestamp": 1724916478.796813, "_runtime": 14288.75453209877, "_step": 29999, "g_loss_u loss": 0.9011328220367432, "g_loss_s loss": 4.834387800656259e-05, "g_loss_v loss": 0.04371986165642738, "d_loss loss": 1.6015857458114624, "_wandb": {"runtime": 14288}}