{"Embedding loss": 0.0008859641966409981, "_timestamp": 1725836009.9436667, "_runtime": 45260.40910768509, "_step": 29999, "g_loss_u loss": 2.375307559967041, "g_loss_s loss": 0.00013542643864639103, "g_loss_v loss": 0.15126103162765503, "d_loss loss": 0.7809484601020813, "_wandb": {"runtime": 45260}}