{"Embedding loss": 0.003559825476258993, "_timestamp": 1724748052.429756, "_runtime": 10964.836510896683, "_step": 5999, "_wandb": {"runtime": 45435}}