,discriminative,predictive
0,0.13333333333333336,0.11462122752915178
