{"Embedding loss": 0.0005692151025868952, "_timestamp": 1725468282.3570936, "_runtime": 46276.40747857094, "_step": 29999, "g_loss_u loss": 1.1384565830230713, "g_loss_s loss": 0.00012737466022372246, "g_loss_v loss": 0.11992190778255463, "d_loss loss": 1.1495790481567383, "_wandb": {"runtime": 46276}}