{"Embedding loss": 0.044696517288684845, "_timestamp": 1725850472.5011182, "_runtime": 35.714293241500854, "_step": 6, "_wandb": {"runtime": 37}}