{"Embedding loss": 0.08105816692113876, "_timestamp": 1726017875.5030887, "_runtime": 41.803335666656494, "_step": 29, "g_loss_u loss": 0.9403020143508911, "g_loss_s loss": 0.0016484608640894294, "g_loss_v loss": 0.32162734866142273, "d_loss loss": 1.9367942810058594, "_wandb": {"runtime": 41}}