{"Embedding loss": 0.09589730948209763, "_timestamp": 1731915218.3551662, "_runtime": 59.47962808609009, "_step": 0, "_wandb": {"runtime": 63}}