,discriminative,predictive
0,0.2333333333333333,0.2191559313589539
