,discriminative,predictive
0,0.4666666666666667,0.11570164088302808
